Order,Weight
0.0,0.9999630451202393
1.0,4.2199535528197885e-06
2.0,5.1402275857981294e-06
3.0,4.035461188323097e-06
4.0,4.318799255997874e-06
5.0,3.890771040460095e-06
6.0,3.999511591246119e-06
7.0,3.784365617320873e-06
8.0,3.8257221603998914e-06
9.0,3.702021103890729e-06
